id,title,description,link,image_link,price,availability,google_product_category,brand,condition
americano-cup-wholesale-6-pack,Americano Cup — Wholesale 6-pack,"Americano Cup × 6 units Minimum order: 30 units (5 packs) A 300ml porcelain cup for Americano, brewed coffee, tea, and generous everyday drinks. Designed for easy stacking with Bunnar’s Cappuccino and Cafe Standard cups, it also pairs with the Mini Plate as a lid or saucer. A practical cup for home, café, and office use. Made in Korea.",https://bunnar.kr/products/americano-cup-wholesale-6-pack,https://cdn.shopify.com/s/files/1/0661/9761/8823/files/04-2.jpg?v=1748482368,50.0 USD,in stock,638,bunnar,new
flat-white-cup-wholesale,Flat White Cup — Wholesale 6-pack,Flat White Cup × 6 units Minimum order: 30 units (5 packs),https://bunnar.kr/products/flat-white-cup-wholesale,https://cdn.shopify.com/s/files/1/0661/9761/8823/files/02-2.jpg?v=1748482354,50.0 USD,in stock,638,bunnar,new
espresso-cup-wholesale-6-pack,Espresso Cup — Wholesale 6-pack,Espresso Cup × 6 units Minimum order: 5 packs (30 units) ⚠ Shipping costs calculated separately. Final invoice issued via email after order confirmation.,https://bunnar.kr/products/espresso-cup-wholesale-6-pack,https://cdn.shopify.com/s/files/1/0661/9761/8823/files/1-01-02.jpg?v=1778228107,44.0 USD,in stock,638,bunnar,new
taster-cup-m-테이스터-컵-m-250ml-8-5oz,Taster Cup M,"A 250ml porcelain taster cup for coffee lovers who enjoy aroma, balance, and a softer drinking experience. The open form makes it easy to enjoy hand-drip coffee, tea, or any drink that deserves a quiet moment. Made in Korea.",https://bunnar.kr/products/taster-cup-m-테이스터-컵-m-250ml-8-5oz,https://cdn.shopify.com/s/files/1/0661/9761/8823/files/25-2_48f976cb-1e4c-47d7-888e-e113073b6d42.jpg?v=1748482502,12.5 USD,in stock,638,bunnar,new
taster-cup-s-테이스터-컵-s-210ml-7oz,Taster Cup S,"The Taster Cup is shaped to bring out the aroma, texture, and character of coffee. Its gently open rim allows each sip to spread across the palate with ease. The S size is a versatile cup for hand-drip coffee, tasting, and sharing small servings throughout the day. Made in Korea.",https://bunnar.kr/products/taster-cup-s-테이스터-컵-s-210ml-7oz,https://cdn.shopify.com/s/files/1/0661/9761/8823/files/24-2.jpg?v=1748482496,12.0 USD,in stock,638,bunnar,new
daily-cup-l-데일리-컵-l-300ml-10oz,Daily Cup L,"제품의 이름처럼 매일 커피를 즐기는 사람들은 위해 디자인된 컵으로 바리스타와 커피테이스터의 의견을 담아 한손으로 쉽게 잡을 수 있으며, 쉽게 적층되어 보관될 수 있고, 커피 맛과 향을 잘 즐길 수 있는 전의 넓이로 디자인 되었습니다. 커피 뿐만아니라 어떤 음료에도 사용하기에 좋으며, 특히 우유와 함께 담기는 메뉴에 잘 어울립니다. 분나 데일리 잔과 함께 우리가 사랑하는 커피를 조금 더 편하게, 기분좋게 즐길 수 있으면 좋겠습니다! 메뉴나 용량에 따라 선택하여 사용할 수 있도록 210, 250, 300ml의 세 가지 용량으로 제작되었습니다.",https://bunnar.kr/products/daily-cup-l-데일리-컵-l-300ml-10oz,https://cdn.shopify.com/s/files/1/0661/9761/8823/files/23-2.jpg?v=1748482488,13.5 USD,in stock,638,bunnar,new
daily-cup-m-데일리-컵-m-250ml-8-5oz,Daily Cup M,"제품의 이름처럼 매일 커피를 즐기는 사람들은 위해 디자인된 컵으로 바리스타와 커피테이스터의 의견을 담아 한손으로 쉽게 잡을 수 있으며, 쉽게 적층되어 보관될 수 있고, 커피 맛과 향을 잘 즐길 수 있는 전의 넓이로 디자인 되었습니다. 커피 뿐만아니라 어떤 음료에도 사용하기에 좋으며, 특히 우유와 함께 담기는 메뉴에 잘 어울립니다. 분나 데일리 잔과 함께 우리가 사랑하는 커피를 조금 더 편하게, 기분좋게 즐길 수 있으면 좋겠습니다! 메뉴나 용량에 따라 선택하여 사용할 수 있도록 210, 250, 300ml의 세 가지 용량으로 제작되었습니다.",https://bunnar.kr/products/daily-cup-m-데일리-컵-m-250ml-8-5oz,https://cdn.shopify.com/s/files/1/0661/9761/8823/files/22-2.jpg?v=1748482483,12.5 USD,in stock,638,bunnar,new
daily-cup-s-데일리-컵-s-210ml-7oz,Daily Cup S,"제품의 이름처럼 매일 커피를 즐기는 사람들은 위해 디자인된 컵으로 바리스타와 커피테이스터의 의견을 담아 한손으로 쉽게 잡을 수 있으며, 쉽게 적층되어 보관될 수 있고, 커피 맛과 향을 잘 즐길 수 있는 전의 넓이로 디자인 되었습니다. 커피 뿐만아니라 어떤 음료에도 사용하기에 좋으며, 특히 우유와 함께 담기는 메뉴에 잘 어울립니다. 분나 데일리 잔과 함께 우리가 사랑하는 커피를 조금 더 편하게, 기분좋게 즐길 수 있으면 좋겠습니다! 메뉴나 용량에 따라 선택하여 사용할 수 있도록 210, 250, 300ml의 세 가지 용량으로 제작되었습니다.",https://bunnar.kr/products/daily-cup-s-데일리-컵-s-210ml-7oz,https://cdn.shopify.com/s/files/1/0661/9761/8823/files/21-2.jpg?v=1748482477,12.0 USD,in stock,638,bunnar,new
cafe-mug-m-카페-머그-m-355ml-12oz,Cafe Mug M,"A generous porcelain mug for coffee lovers who enjoy a little more. With a comfortable handle and 355ml volume, it is made for brewed coffee, tea, milk coffee, and long everyday drinks at home, in cafés, or at the desk. Made in Korea.",https://bunnar.kr/products/cafe-mug-m-카페-머그-m-355ml-12oz,https://cdn.shopify.com/s/files/1/0661/9761/8823/files/07-2.jpg?v=1748482469,18.5 USD,in stock,638,bunnar,new
americano-cup-and-saucer-아메리카노-컵-앤-소서-300ml-10oz,Americano Cup and Saucer,"A porcelain cup and saucer set for Americano, brewed coffee, and generous daily drinks. The 300ml cup offers a comfortable volume for slow sipping, while the saucer adds a calm and finished feeling to the table. Made in Korea.",https://bunnar.kr/products/americano-cup-and-saucer-아메리카노-컵-앤-소서-300ml-10oz,https://cdn.shopify.com/s/files/1/0661/9761/8823/files/04s-2.jpg?v=1748482466,29.0 USD,in stock,638,bunnar,new
cafe-standard-cup-카페-스탠다드-컵-250ml-8-5oz,Cafe Standard Cup,"A balanced porcelain cup for everyday coffee service. With a comfortable 250ml volume, it works well for brewed coffee, milk coffee, tea, and daily drinks at home, in cafés, or in the office. Made in Korea.",https://bunnar.kr/products/cafe-standard-cup-카페-스탠다드-컵-250ml-8-5oz,https://cdn.shopify.com/s/files/1/0661/9761/8823/files/06-2.jpg?v=1748482458,17.0 USD,in stock,638,bunnar,new
cafe-standard-cup-saucer-카페-스탠다드-컵앤-소서-250ml-8-5oz,Cafe Standard Cup & Saucer,"A porcelain cup and saucer set for everyday café service. The 250ml cup is made for brewed coffee, milk coffee, tea, and daily drinks, while the saucer helps create a calm and complete table setting. Made in Korea.",https://bunnar.kr/products/cafe-standard-cup-saucer-카페-스탠다드-컵앤-소서-250ml-8-5oz,https://cdn.shopify.com/s/files/1/0661/9761/8823/files/06s-2.jpg?v=1748482456,29.0 USD,in stock,638,bunnar,new
espresso-cup-and-saucer-에스프레소-컵-앤-소서-75ml-2-5oz,Espresso Cup and Saucer,"A small porcelain cup and saucer set for espresso and double espresso. The cup is compact and focused, while the saucer is carefully balanced in size and weight for cafés, homes, and workspaces. Designed to stack neatly and sit quietly on the table. Made in Korea.",https://bunnar.kr/products/espresso-cup-and-saucer-에스프레소-컵-앤-소서-75ml-2-5oz,https://cdn.shopify.com/s/files/1/0661/9761/8823/files/01s-2.jpg?v=1748482453,20.5 USD,in stock,638,bunnar,new
flat-white-cup-and-saucer-플랫화이트컵-앤-소서-150ml-5oz,Flat White Cup and Saucer,"A porcelain cup and saucer set for flat white, milk coffee, and quiet daily coffee moments. The cup is compact and easy to enjoy, while the saucer is carefully shaped for balance, stacking, and a clean table setting. Made in Korea.",https://bunnar.kr/products/flat-white-cup-and-saucer-플랫화이트컵-앤-소서-150ml-5oz,https://cdn.shopify.com/s/files/1/0661/9761/8823/files/02s-2.jpg?v=1748482447,27.5 USD,in stock,638,bunnar,new
cappuccino-cup-and-saucer-카푸치노-컵-앤-소서-190ml-6-5oz,Cappuccino Cup and Saucer,"A porcelain cup and saucer set for cappuccino, hand-drip coffee, and everyday café service. The 190ml cup offers a comfortable daily volume, while the saucer brings a clean, composed feeling to the table. Made in Korea.",https://bunnar.kr/products/cappuccino-cup-and-saucer-카푸치노-컵-앤-소서-190ml-6-5oz,https://cdn.shopify.com/s/files/1/0661/9761/8823/files/03s-2.jpg?v=1748482441,28.5 USD,in stock,638,bunnar,new
cafe-latte-cup-and-saucer-카페라떼-컵-앤-소서-270ml-9oz,Cafe Latte Cup and saucer,"A porcelain cup and saucer set for café latte, milk drinks, tea, and quiet dessert moments. The wide 270ml cup feels open and generous, while the saucer completes the setting for cafés, homes, and slow coffee tables. Made in Korea.",https://bunnar.kr/products/cafe-latte-cup-and-saucer-카페라떼-컵-앤-소서-270ml-9oz,https://cdn.shopify.com/s/files/1/0661/9761/8823/files/05s-2.jpg?v=1748482438,31.0 USD,in stock,638,bunnar,new
taster-cup-xl-테이스터-컵-xl-400ml-13-5oz,Taster Cup XL,"The largest size in the Taster Cup family. With its open shape and comfortable volume, it works well for hand-drip coffee, tea, and relaxed drinks you want to enjoy slowly. A quiet cup for generous coffee moments. Made in Korea.",https://bunnar.kr/products/taster-cup-xl-테이스터-컵-xl-400ml-13-5oz,https://cdn.shopify.com/s/files/1/0661/9761/8823/files/27-2.jpg?v=1748482436,14.0 USD,in stock,638,bunnar,new
taster-cup-l테이스터-컵-l-300ml-10oz,Taster Cup L,"A generous taster cup designed for hand-drip coffee, tea, and slow coffee moments. The wide, open rim helps the aroma rise and lets each sip feel soft and full. Suitable for cafés, tasting tables, and everyday use at home. Made in Korea.",https://bunnar.kr/products/taster-cup-l테이스터-컵-l-300ml-10oz,https://cdn.shopify.com/s/files/1/0661/9761/8823/files/28-2.jpg?v=1748482429,13.5 USD,in stock,638,bunnar,new
taster-cup-xs-테이스터-컵-xs-180ml-6oz,Taster Cup XS,"Inspired by the shape of a teacup, the Taster Cup is designed to help you enjoy the aroma and texture of coffee more closely. Its open rim lets coffee spread gently across the palate, making each sip feel fuller and more expressive. The XS size is a quiet cup for small servings, tasting, and everyday coffee moments. Made in Korea.",https://bunnar.kr/products/taster-cup-xs-테이스터-컵-xs-180ml-6oz,https://cdn.shopify.com/s/files/1/0661/9761/8823/files/28-2_515645cf-0862-409f-8ed6-10d53a576dbf.jpg?v=1748482424,9.5 USD,in stock,638,bunnar,new
water-cup-워터-컵-200ml-6-5-oz,Water Cup,"A simple porcelain cup with a quiet presence. Designed for water, tea, juice, or small everyday drinks, it sits naturally with other Bunnar pieces on the table. It can also be used as a small desk object for pens or daily tools. Made in Korea.",https://bunnar.kr/products/water-cup-워터-컵-200ml-6-5-oz,https://cdn.shopify.com/s/files/1/0661/9761/8823/files/46-2.jpg?v=1748482418,11.5 USD,in stock,638,bunnar,new
noodle-bowl-누들-볼-1000ml,Noodle Bowl,"A deep porcelain bowl with a clean, generous form. Designed for noodles, warm soups, rice dishes, and one-bowl meals, it holds heat well and brings a calm presence to the table. Made in Korea.",https://bunnar.kr/products/noodle-bowl-누들-볼-1000ml,https://cdn.shopify.com/s/files/1/0661/9761/8823/files/49-2.jpg?v=1748482415,30.5 USD,in stock,638,bunnar,new
cereal-bowl시리얼-볼-250ml,Cereal Bowl,"A quiet porcelain bowl for cereal, yogurt, fruit, soup, and small everyday meals. Designed with a soft proportion that sits comfortably with cups and plates on the table. Made in Korea.",https://bunnar.kr/products/cereal-bowl시리얼-볼-250ml,https://cdn.shopify.com/s/files/1/0661/9761/8823/files/41-2.jpg?v=1748482409,18.0 USD,in stock,638,bunnar,new
soup-bowl수프-볼-350ml,Soup Bowl,"A low, wide porcelain bowl for soup, salad, rice dishes, and small meals. Its balanced shape feels calm on the table and works well for both everyday dining and light café menus. Made in Korea.",https://bunnar.kr/products/soup-bowl수프-볼-350ml,https://cdn.shopify.com/s/files/1/0661/9761/8823/files/42-2.jpg?v=1748482406,18.0 USD,in stock,638,bunnar,new
large-side-plate-라지-사이드-플레이트,Large Side Plate,"A larger side plate for shared dishes, salad, baked goods, or individual portions from a main dish. It pairs naturally with the Small Side Plate, creating a quiet and balanced table setting. Made in Korea.",https://bunnar.kr/products/large-side-plate-라지-사이드-플레이트,https://cdn.shopify.com/s/files/1/0661/9761/8823/files/44-4.jpg?v=1748482399,13.5 USD,in stock,638,bunnar,new
small-side-plate-스몰-사이드-플레이트,Small Side Plate,"A small porcelain side plate with a gentle depth. Made for side dishes, sauces, nuts, fruit, or a small piece of dessert, it is easy to use, clean, and stack in everyday life. Made in Korea.",https://bunnar.kr/products/small-side-plate-스몰-사이드-플레이트,https://cdn.shopify.com/s/files/1/0661/9761/8823/files/43-2_d5861e70-2354-48d2-8c21-ed3f840675bc.jpg?v=1748482392,7.0 USD,in stock,638,bunnar,new
large-main-plate-메인-요리-큰-접시,Large Main Plate,"A generous porcelain plate for pasta, brunch, salad, steak, roasted vegetables, or fruit. Its raised rim frames food beautifully, while the footed base adds a calm, stable presence to the table. Made in Korea.",https://bunnar.kr/products/large-main-plate-메인-요리-큰-접시,https://cdn.shopify.com/s/files/1/0661/9761/8823/files/48.jpg?v=1748482384,30.5 USD,in stock,638,bunnar,new
small-main-plate-메인-요리-작은-접시,Small Main Plate,"A small main plate for desserts, side dishes, light meals, or a cup and bowl pairing. The raised rim gives food a gentle frame, while the footed base adds stability and a quiet sense of form. Made in Korea.",https://bunnar.kr/products/small-main-plate-메인-요리-작은-접시,https://cdn.shopify.com/s/files/1/0661/9761/8823/files/47.jpg?v=1748482381,20.0 USD,in stock,638,bunnar,new
lid-mini-plate-리드-미니-플레이트,"Lid, Mini Plate","A small porcelain plate designed to work as both a lid and a mini plate. It fits Bunnar’s Cappuccino, Cafe Standard, and Americano cups, helping keep drinks warm and the table clean. It can also hold small desserts, fruit, jewelry, coins, or desk objects. Made in Korea.",https://bunnar.kr/products/lid-mini-plate-리드-미니-플레이트,https://cdn.shopify.com/s/files/1/0661/9761/8823/files/32.jpg?v=1748482377,6.0 USD,in stock,638,bunnar,new
cafe-latte-cup-카페라떼-컵-270ml-9oz,Cafe Latte Cup,"A wide, low porcelain cup made for café latte, milk foam, tea, yogurt, cereal, or simple desserts. The open shape lets hot drinks cool gently and makes the cup feel relaxed and generous on the table. It pairs with Bunnar’s Mini Plate L as a lid or saucer. Made in Korea.",https://bunnar.kr/products/cafe-latte-cup-카페라떼-컵-270ml-9oz,https://cdn.shopify.com/s/files/1/0661/9761/8823/files/05-2.jpg?v=1748482375,18.5 USD,in stock,638,bunnar,new
americano-cup-아메리카노-컵-300ml-10oz,Americano Cup,"A 300ml porcelain cup for Americano, brewed coffee, tea, and generous everyday drinks. Designed for easy stacking with Bunnar’s Cappuccino and Cafe Standard cups, it also pairs with the Mini Plate as a lid or saucer. A practical cup for home, café, and office use. Made in Korea.",https://bunnar.kr/products/americano-cup-아메리카노-컵-300ml-10oz,https://cdn.shopify.com/s/files/1/0661/9761/8823/files/04-2.jpg?v=1748482368,17.0 USD,in stock,638,bunnar,new
cappuccino-cup-카푸치노-컵-190ml-6-5oz,Cappuccino Cup,"A 190ml porcelain cup made for cappuccino, hand-drip coffee, and everyday drinks. Designed with a practical size for cafés and homes, it stacks neatly with Bunnar’s Cafe Standard and Americano cups and pairs with the Mini Plate as a lid or saucer. Made in Korea.",https://bunnar.kr/products/cappuccino-cup-카푸치노-컵-190ml-6-5oz,https://cdn.shopify.com/s/files/1/0661/9761/8823/files/03-2_9cca3263-c53b-439e-b496-a26686d40867.jpg?v=1748482360,16.5 USD,in stock,638,bunnar,new
flat-white-cup-플랫-화이트-컵-150ml-5oz,Flat White Cup,"A 180ml porcelain cup for flat white, milk coffee, and light everyday drinks. Compact but comfortable, it is easy to use at home, in cafés, or with capsule coffee machines. A quiet daily cup for coffee lovers. Made in Korea.",https://bunnar.kr/products/flat-white-cup-플랫-화이트-컵-150ml-5oz,https://cdn.shopify.com/s/files/1/0661/9761/8823/files/02-2.jpg?v=1748482354,16.5 USD,in stock,638,bunnar,new
espresso-cup-에스프레소-컵-75ml-2-5oz,Espresso Cup,"A small porcelain cup for espresso and double espresso. Its compact shape is based on the Flat White Cup, scaled down for a quiet and focused coffee moment. Also suitable for capsule coffee machines. Made in Korea.",https://bunnar.kr/products/espresso-cup-에스프레소-컵-75ml-2-5oz,https://cdn.shopify.com/s/files/1/0661/9761/8823/files/01-2.jpg?v=1748482347,11.5 USD,in stock,638,bunnar,new
